abandon	2
above	2
abstract	2
accord	2
account	2
ace	3
acoustic	2
across	2
act	2
acute	2
additive	2
address	2
advance	3
advisory	2
aerial	2
affiliate	2
age	2
alcoholic	2
alert	3
alien	2
alloy	2
along	2
alternative	2
anchor	2
any	2
ape	2
appeal	2
appear	2
approach	2
arm	2
array	2
as	3
associate	3
attendant	2
attribute	2
audit	2
auxiliary	2
ax	2
back	3
bar	2
bargain	2
barge	2
bark	2
base	2
bastard	2
bat	2
batter	2
beam	2
bear	2
beat	2
beggar	2
bent	2
best	3
better	3
bill	2
binding	2
birdie	2
bitch	2
blast	3
blaze	2
block	2
blot	2
blow	2
blue	2
blunt	2
board	4
bob	2
bodily	2
bolster	2
bolt	2
book	2
boom	2
boot	2
bottom	2
bound	2
bow	2
brace	2
branch	2
brand	2
brass	2
breach	2
break	4
breed	2
brew	2
brief	2
broil	2
brood	2
buck	2
bug	2
build-up	2
bulge	2
burn	2
bust	3
butcher	2
call	3
cannon	2
capital	2
capture	2
cardinal	2
caretaker	2
cashier	2
cast	4
catch	2
caution	2
chain	2
chair	2
champion	2
change	2
chant	2
charge	2
charm	2
charter	2
chatter	2
check	2
chest	2
chestnut	2
china	2
chip	2
chop	2
chuck	2
circular	2
claim	2
clasp	2
class	2
clean	2
clear	3
climb	2
clinch	2
clip	2
close	4
cloud	2
clutch	2
code	2
collected	2
comfort	2
comic	2
commission	2
commute	2
compass	2
complex	2
compound	2
compress	2
con	2
concrete	2
condition	2
conduct	2
conserve	2
constituent	2
content	2
contingent	2
coordinate	3
cop	2
correspondent	2
cosmopolitan	2
counsel	2
counter	2
cradle	2
cramp	2
crane	2
crap	3
crash	2
credit	2
crib	2
cripple	2
crook	2
crop	2
cross	2
crow	2
crumble	2
crush	2
cult	2
current	2
cushion	2
cutting	2
cycle	2
dart	2
dash	2
deal	2
decimal	2
default	2
defect	2
deliberate	2
delinquent	2
dependent	2
deposit	2
desert	2
designate	2
digest	2
direct	2
discipline	2
dispatch	2
ditch	2
do	2
doom	2
down	3
draft	2
drag	2
drape	2
eclipse	2
either	2
embrace	2
even	2
excess	2
exclusive	2
excuse	2
executive	2
exhaust	2
exhibit	2
express	3
extract	2
faint	2
fair	2
fall	2
fashion	2
feeder	2
fetch	2
fiddle	2
figure	2
file	2
filter	2
final	2
fine	2
fire	2
firm	2
fit	3
fitting	2
flap	2
flat	2
fling	2
flounder	2
flourish	2
fly	2
foil	2
fool	2
for	2
force	2
forge	2
form	2
foul	3
freak	2
free	2
fringe	2
fuse	2
gathering	3
gear	2
general	2
given	2
go-ahead	2
gorge	2
grade	2
grant	2
grate	2
grave	2
graze	2
grind	2
grip	2
gross	2
gulp	2
gust	2
gut	2
hack	2
hail	2
half	3
hamper	2
hand	2
handicap	2
handle	2
harbor	2
hard	2
harness	2
hatch	2
haul	2
haunt	2
have	2
head	2
headline	2
heap	2
hedge	2
highlight	2
hold	2
hound	2
hull	2
hunch	2
imperative	2
incense	2
initial	2
intent	2
interim	2
intrigue	2
invalid	2
iron	2
issue	2
ivory	2
jack	2
jam	2
jerk	2
jockey	2
joint	2
judge	2
key	2
kind	2
land	2
last	2
lead	2
lean	2
left	2
level	2
lie	2
lift	2
light	2
like	2
limp	2
live	2
locomotive	2
long	2
loom	2
lumber	2
maiden	2
major	2
mandate	2
manifest	2
march	2
mark	2
master	2
match	2
matter	2
may	2
mean	2
measure	2
medium	2
meter	2
might	2
mind	2
minor	3
mint	2
minute	2
miss	2
mock	2
mold	2
monthly	2
moor	2
mortal	2
mortar	2
mother	2
motion	2
mug	2
mushroom	2
net	2
novel	2
object	2
offset	2
opening	2
operative	2
opposite	2
order	2
orderly	2
orient	2
oriental	2
outfit	2
overall	2
own	2
park	2
part	2
patient	2
perfect	2
periodical	2
pine	2
place	2
plain	2
plant	2
play	2
please	2
point	2
post	2
pound	2
premise	2
premium	2
present	3
press	2
pretty	2
primary	3
prime	3
principal	2
pro	2
produce	2
project	2
prompt	3
proof	2
prop	2
prospect	2
prune	2
puzzle	2
race	2
rack	2
rag	2
raise	2
range	2
rap	2
rash	2
rave	2
reach	2
rear	2
refrain	2
refuse	2
relative	2
reserve	2
resort	2
rest	2
right	2
ring	2
rock	2
round	3
row	3
rustle	2
safe	2
screen	2
sculpture	2
season	2
second	2
set	3
shape	2
share	2
ship	2
shop	2
shutter	2
sign	2
signal	2
sink	2
sit-down	2
skip	2
skirt	2
slack	3
slap	2
slate	2
slick	3
slot	2
slump	2
snap	3
snarl	2
so	2
soil	2
sole	2
sort	2
sound	2
spare	2
spell	2
spike	2
spin	2
spot	2
spring	2
stable	2
stalk	2
stall	2
staple	2
state	3
static	2
station	2
steel	2
steep	2
stem	2
sterling	2
stern	2
stick	2
still	3
stock	3
store	2
streak	2
stress	2
strip	2
stuff	2
stumble	2
stump	2
stunt	2
sub	2
subject	2
suit	2
sure	2
surge	2
swallow	2
swamp	2
swarm	2
tackle	2
tap	2
tear	2
temper	2
term	2
that	3
this	2
thrust	2
tick	2
tie	2
tip	2
tire	2
toast	2
toll	2
train	2
tramp	2
trim	2
turn	2
twig	2
type	2
up	2
used	2
utility	2
utter	2
veil	2
verge	2
very	2
vintage	2
void	3
wage	2
watch	2
wave	2
way	2
wee	2
welcome	2
well	2
while	2
will	2
wrench	2
yarn	2
yen	2
yield	2
yoke	2
